id_devedor,valor_devido,dias_atraso,historico_contato,canal_efetivo,ramo_atividade,recuperou
1,10637.31,129,16,sms,industria,0
2,8076.26,142,10,nenhum,pessoa_fisica,0
3,8436.8,84,13,telefone,pessoa_fisica,0
4,9230.27,70,13,sms,pessoa_fisica,1
5,9695.92,141,6,nenhum,industria,0
6,10783.67,250,17,telefone,industria,1
7,5556.01,136,20,telefone,servicos,1
8,11176.26,29,18,nenhum,industria,1
9,13766.55,77,1,sms,comercio,0
10,15292.99,115,13,whatsapp,industria,1
11,7600.05,51,8,sms,industria,1
12,10736.88,44,15,telefone,pessoa_fisica,0
13,2714.56,90,1,telefone,comercio,1
14,14835.87,28,15,email,servicos,0
15,13739.77,107,6,email,servicos,1
16,100.0,28,14,whatsapp,industria,1
17,20902.97,173,19,whatsapp,servicos,0
18,100.0,96,15,sms,industria,1
19,8325.15,145,7,whatsapp,industria,0
20,8905.53,96,11,nenhum,comercio,0
21,3597.01,199,10,telefone,comercio,1
22,5039.45,91,19,sms,servicos,1
23,3276.05,57,8,sms,industria,0
24,100.0,96,7,email,servicos,0
25,100.0,74,6,nenhum,servicos,0
26,1639.9,53,7,telefone,industria,1
27,5409.03,123,4,email,servicos,0
28,6516.01,22,8,email,industria,0
29,100.0,120,7,telefone,comercio,1
30,44135.42,322,19,telefone,comercio,1
31,11556.17,165,12,whatsapp,pessoa_fisica,1
32,4937.12,150,9,sms,industria,0
33,2675.47,165,7,email,comercio,0
34,2270.33,69,19,whatsapp,servicos,0
35,9493.97,13,11,telefone,pessoa_fisica,1
36,18601.12,166,10,whatsapp,pessoa_fisica,0
37,13799.88,153,0,email,pessoa_fisica,0
38,7682.64,87,10,sms,servicos,0
39,12828.81,252,10,telefone,industria,0
40,21417.72,80,5,sms,servicos,1
41,15971.48,284,11,nenhum,comercio,0
42,15266.66,171,4,whatsapp,servicos,1
43,8915.99,46,16,email,comercio,0
44,7419.69,1,6,nenhum,pessoa_fisica,1
45,13569.52,107,12,nenhum,pessoa_fisica,0
46,8490.18,92,6,telefone,pessoa_fisica,0
47,11020.85,66,6,telefone,comercio,0
48,4417.76,89,13,email,pessoa_fisica,0
49,10883.15,166,1,email,comercio,0
50,11246.81,97,13,email,servicos,0
51,2995.44,85,17,telefone,industria,0
52,4245.85,187,1,nenhum,comercio,0
53,5203.25,63,6,whatsapp,pessoa_fisica,1
54,100.0,4,1,telefone,servicos,1
55,14860.54,67,13,whatsapp,servicos,1
56,100.0,127,20,telefone,pessoa_fisica,1
57,100.0,48,17,sms,comercio,0
58,3961.9,1,19,email,industria,1
59,100.0,146,17,telefone,comercio,0
60,3239.78,139,3,whatsapp,pessoa_fisica,0
61,6453.32,131,1,whatsapp,servicos,0
62,7837.63,34,10,sms,comercio,0
63,1394.32,76,8,email,industria,0
64,4048.69,146,5,whatsapp,pessoa_fisica,0
65,2821.26,58,20,email,servicos,1
66,100.0,153,12,nenhum,comercio,1
67,16323.79,162,10,email,pessoa_fisica,1
68,10011.52,74,12,whatsapp,pessoa_fisica,0
69,15472.86,61,19,whatsapp,industria,1
70,3676.76,34,3,email,servicos,0
71,17911.35,60,11,nenhum,servicos,0
72,15329.45,100,16,whatsapp,industria,0
73,6308.7,135,0,nenhum,comercio,1
74,3943.01,220,19,telefone,pessoa_fisica,1
75,5038.16,107,0,sms,pessoa_fisica,0
76,17659.94,106,10,whatsapp,pessoa_fisica,0
77,7746.52,56,1,sms,industria,1
78,13836.1,87,4,nenhum,servicos,1
79,14361.62,138,20,nenhum,pessoa_fisica,1
80,14588.29,142,10,nenhum,pessoa_fisica,1
81,3246.33,1,16,email,pessoa_fisica,1
82,15732.56,124,12,telefone,pessoa_fisica,0
83,13864.49,71,1,email,industria,0
84,100.0,119,12,sms,comercio,0
85,13809.44,152,4,whatsapp,pessoa_fisica,1
86,5642.9,96,6,nenhum,comercio,1
87,8700.78,9,1,telefone,servicos,0
88,10440.97,147,11,email,industria,1
89,3457.78,82,14,nenhum,servicos,0
90,19043.27,108,2,nenhum,industria,0
91,2172.23,118,17,email,comercio,0
92,7434.05,14,6,email,pessoa_fisica,0
93,100.0,146,16,sms,pessoa_fisica,0
94,3423.97,144,2,email,comercio,1
95,163.96,107,15,telefone,pessoa_fisica,1
96,7257.78,194,7,email,industria,1
97,100.0,15,18,whatsapp,pessoa_fisica,1
98,16006.72,61,4,sms,industria,1
99,12661.85,33,19,whatsapp,servicos,1
100,10625.1,1,20,nenhum,pessoa_fisica,1
101,12774.71,194,5,email,industria,1
102,2790.22,60,19,whatsapp,comercio,0
103,10003.1,1,14,telefone,pessoa_fisica,1
104,9163.14,142,7,whatsapp,comercio,1
105,6213.1,40,7,sms,industria,1
106,4022.47,106,1,email,servicos,0
107,12136.46,1,18,sms,industria,1
108,6814.82,138,18,telefone,servicos,0
109,2697.06,99,4,email,comercio,1
110,11050.04,1,11,telefone,servicos,1
111,44174.52,359,2,nenhum,pessoa_fisica,0
112,9665.0,121,12,whatsapp,pessoa_fisica,1
113,18562.71,149,12,telefone,pessoa_fisica,0
114,8582.67,40,2,whatsapp,comercio,0
115,6253.99,234,18,nenhum,pessoa_fisica,0
116,14213.72,151,14,telefone,pessoa_fisica,0
117,5212.81,205,6,nenhum,comercio,0
118,16498.25,109,17,nenhum,comercio,1
119,7173.99,95,12,whatsapp,industria,1
120,7997.84,71,20,whatsapp,pessoa_fisica,0
121,1512.56,145,1,whatsapp,comercio,0
122,4225.33,112,13,email,industria,1
123,888.86,76,1,telefone,servicos,1
124,6255.47,32,3,sms,industria,1
125,13101.28,105,18,whatsapp,servicos,1
126,7399.3,110,1,nenhum,industria,0
127,9183.68,52,8,sms,industria,0
128,5913.96,27,15,whatsapp,comercio,0
129,5807.66,64,10,nenhum,pessoa_fisica,0
130,12061.19,58,11,telefone,comercio,1
131,8187.48,138,19,telefone,pessoa_fisica,0
132,15152.78,88,8,email,pessoa_fisica,0
133,13723.1,162,10,nenhum,comercio,0
134,12758.84,189,11,nenhum,pessoa_fisica,0
135,8211.08,23,5,nenhum,comercio,1
136,9516.18,88,13,email,industria,1
137,13489.33,152,17,whatsapp,comercio,0
138,8527.55,157,6,nenhum,servicos,0
139,6731.45,1,3,whatsapp,servicos,1
140,11651.43,203,12,sms,comercio,1
141,9120.64,119,17,nenhum,servicos,1
142,9918.73,214,7,email,comercio,0
143,9745.36,166,15,sms,servicos,1
144,9213.07,101,8,nenhum,industria,0
145,18940.67,101,10,whatsapp,pessoa_fisica,0
146,7953.22,18,18,sms,comercio,1
147,6483.49,96,8,nenhum,industria,0
148,3873.88,41,11,sms,comercio,1
149,7571.26,250,13,sms,industria,1
150,14292.6,82,4,email,comercio,0
151,8118.83,86,18,telefone,pessoa_fisica,0
152,5865.99,149,18,whatsapp,pessoa_fisica,0
153,10981.56,203,13,email,comercio,1
154,5006.71,10,0,nenhum,industria,0
155,3179.43,93,7,whatsapp,comercio,0
156,12010.24,140,17,nenhum,pessoa_fisica,0
157,13777.81,193,4,whatsapp,pessoa_fisica,0
158,2661.05,95,16,nenhum,comercio,1
159,4004.76,130,4,whatsapp,comercio,0
160,7316.75,1,15,whatsapp,pessoa_fisica,0
161,7703.16,199,6,telefone,comercio,1
162,10556.31,26,14,email,industria,1
163,1282.18,1,7,sms,servicos,0
164,4934.24,1,18,email,comercio,0
165,15493.17,139,19,nenhum,servicos,0
166,11780.05,21,10,whatsapp,industria,0
167,10177.74,106,2,whatsapp,comercio,0
168,6096.02,83,16,email,industria,1
169,46913.77,301,3,telefone,pessoa_fisica,0
170,7277.61,125,2,email,comercio,0
171,9129.61,264,1,nenhum,industria,0
172,12026.73,101,7,telefone,pessoa_fisica,0
173,14547.37,84,12,sms,servicos,0
174,12532.63,147,2,whatsapp,industria,1
175,7335.97,75,2,email,comercio,0
176,9674.39,68,18,whatsapp,industria,1
177,100.0,100,15,whatsapp,industria,1
178,8495.01,24,15,nenhum,comercio,0
179,16308.59,105,7,whatsapp,industria,0
180,7348.88,83,16,telefone,industria,1
181,47732.67,347,8,telefone,pessoa_fisica,0
182,8886.63,153,1,sms,comercio,0
183,6746.24,130,11,whatsapp,comercio,0
184,10378.8,72,11,telefone,industria,1
185,7137.02,178,9,whatsapp,servicos,0
186,5007.92,75,15,whatsapp,pessoa_fisica,1
187,14999.72,137,16,whatsapp,comercio,1
188,6532.87,168,19,whatsapp,comercio,1
189,7224.42,20,10,email,servicos,1
190,8182.41,79,13,email,servicos,0
191,12781.15,131,19,telefone,comercio,1
192,47738.59,301,8,email,pessoa_fisica,0
193,1628.63,91,19,sms,servicos,0
194,13705.79,55,17,nenhum,comercio,0
195,10854.67,179,20,whatsapp,servicos,1
196,6196.41,69,15,telefone,pessoa_fisica,0
197,2197.49,124,18,nenhum,comercio,1
198,18680.71,52,2,whatsapp,pessoa_fisica,0
199,11056.1,106,8,telefone,industria,0
200,14562.47,145,20,whatsapp,comercio,0
201,11131.61,70,16,whatsapp,industria,1
202,7330.99,76,9,nenhum,industria,1
203,7498.34,74,1,whatsapp,servicos,1
204,100.0,54,3,sms,industria,0
205,7739.37,55,19,sms,industria,1
206,12225.62,8,2,nenhum,servicos,0
207,6436.88,1,15,nenhum,industria,1
208,7916.13,127,7,email,industria,1
209,2961.04,117,7,whatsapp,industria,0
210,8579.4,1,1,sms,servicos,0
211,21289.78,35,18,telefone,industria,1
212,9351.01,159,16,nenhum,industria,0
213,6496.58,32,6,sms,pessoa_fisica,0
214,14635.32,164,19,telefone,comercio,1
215,4741.3,19,1,telefone,pessoa_fisica,0
216,519.57,301,20,telefone,industria,0
217,1107.04,27,11,sms,servicos,0
218,12684.53,15,19,telefone,servicos,1
219,7847.53,134,9,email,industria,0
220,11173.77,1,8,email,industria,0
221,3531.54,88,18,sms,industria,1
222,13383.27,46,0,nenhum,servicos,0
223,6422.65,141,6,nenhum,pessoa_fisica,0
224,22320.46,107,19,telefone,servicos,1
225,2848.21,104,14,email,industria,1
226,11253.23,63,15,nenhum,servicos,1
227,1846.41,115,8,telefone,industria,0
228,3459.2,33,17,email,servicos,1
229,22426.72,40,11,whatsapp,industria,1
230,4119.73,1,7,email,pessoa_fisica,1
231,9293.56,146,7,sms,comercio,0
232,3417.98,149,14,whatsapp,servicos,0
233,9053.61,176,6,email,industria,1
234,4433.08,58,12,sms,comercio,0
235,100.0,62,16,nenhum,comercio,1
236,5230.28,75,9,whatsapp,pessoa_fisica,0
237,7722.11,54,0,whatsapp,comercio,0
238,2680.11,1,18,whatsapp,industria,1
239,10879.84,183,9,sms,servicos,1
240,100.0,73,17,whatsapp,pessoa_fisica,1
241,14643.74,147,19,whatsapp,pessoa_fisica,1
242,10538.05,120,15,telefone,comercio,1
243,100.0,1,9,sms,industria,0
244,4825.82,59,8,telefone,industria,0
245,100.0,45,6,telefone,servicos,1
246,12066.46,36,5,email,servicos,0
247,100.0,37,5,whatsapp,pessoa_fisica,0
248,100.0,177,13,whatsapp,servicos,0
249,8181.69,185,11,nenhum,servicos,1
250,100.0,110,8,telefone,industria,1
251,6629.31,127,4,whatsapp,pessoa_fisica,1
252,6731.96,210,2,nenhum,servicos,0
253,12167.88,125,7,nenhum,comercio,0
254,10093.67,1,8,email,servicos,1
255,10613.29,85,9,email,industria,0
256,2988.12,95,6,sms,pessoa_fisica,0
257,14216.61,1,13,telefone,industria,1
258,2928.76,41,9,nenhum,pessoa_fisica,0
259,5347.97,100,9,telefone,pessoa_fisica,1
260,11124.21,131,19,telefone,servicos,0
261,8246.65,67,6,nenhum,servicos,0
262,12036.63,117,20,telefone,servicos,1
263,14188.03,106,17,email,servicos,0
264,5327.78,124,19,nenhum,servicos,1
265,13159.8,23,6,whatsapp,industria,1
266,15012.35,46,16,nenhum,servicos,0
267,10244.76,169,2,email,pessoa_fisica,1
268,3781.76,76,0,telefone,pessoa_fisica,0
269,4034.16,213,2,telefone,pessoa_fisica,1
270,7443.14,64,8,telefone,servicos,1
271,10214.35,164,1,sms,servicos,0
272,9821.86,147,5,sms,pessoa_fisica,1
273,6447.01,96,19,sms,industria,1
274,7242.41,62,3,whatsapp,comercio,1
275,48468.54,312,1,email,industria,0
276,5812.21,220,0,whatsapp,comercio,1
277,10149.14,126,14,nenhum,comercio,1
278,9534.27,72,19,telefone,pessoa_fisica,0
279,100.0,166,17,telefone,servicos,0
280,12405.89,48,14,sms,industria,0
281,41019.85,340,16,telefone,industria,0
282,8321.5,47,17,nenhum,comercio,1
283,11290.12,116,7,telefone,comercio,0
284,7465.05,1,5,telefone,industria,0
285,17599.45,100,18,email,servicos,1
286,10434.72,16,7,nenhum,industria,0
287,5552.54,106,18,email,industria,0
288,4508.95,68,16,whatsapp,industria,0
289,5554.47,165,2,whatsapp,pessoa_fisica,0
290,100.0,130,12,sms,comercio,0
291,4777.52,5,3,telefone,comercio,1
292,3299.88,9,2,telefone,industria,1
293,6606.19,155,12,whatsapp,industria,0
294,12980.82,101,17,email,servicos,1
295,3048.32,29,13,telefone,pessoa_fisica,1
296,10352.32,151,15,whatsapp,pessoa_fisica,1
297,9030.33,133,1,whatsapp,comercio,1
298,4284.67,172,9,whatsapp,industria,1
299,6566.14,43,3,telefone,industria,1
300,9397.2,31,16,whatsapp,industria,1
301,5345.4,70,18,nenhum,comercio,1
302,14838.65,136,15,whatsapp,pessoa_fisica,1
303,12954.1,112,18,sms,comercio,1
304,7639.36,52,3,sms,industria,0
305,3353.61,106,14,email,industria,1
306,10029.58,262,6,nenhum,pessoa_fisica,0
307,13356.71,152,17,sms,industria,1
308,7979.27,73,4,email,industria,1
309,5515.21,32,15,nenhum,comercio,0
310,8982.48,17,14,whatsapp,industria,1
311,1440.93,118,2,telefone,comercio,1
312,9087.77,146,15,sms,comercio,0
313,9321.38,189,15,whatsapp,servicos,0
314,11748.64,142,15,email,industria,1
315,12717.65,90,4,telefone,pessoa_fisica,1
316,6592.51,117,3,email,servicos,1
317,5178.47,75,0,sms,servicos,1
318,5702.7,64,19,telefone,servicos,0
319,6748.01,147,4,telefone,industria,0
320,3453.36,39,6,whatsapp,comercio,1
321,10778.02,27,6,sms,servicos,1
322,15875.69,71,13,whatsapp,servicos,0
323,10412.99,1,1,telefone,pessoa_fisica,0
324,18620.96,82,3,nenhum,servicos,0
325,7997.0,52,7,nenhum,servicos,1
326,9881.8,203,6,telefone,comercio,0
327,18647.15,60,1,email,servicos,1
328,12517.46,1,9,sms,servicos,1
329,10427.4,100,4,sms,comercio,0
330,3298.1,92,9,email,comercio,0
331,13507.85,69,12,sms,comercio,0
332,8173.9,106,18,telefone,comercio,1
333,11726.83,86,5,whatsapp,pessoa_fisica,0
334,13629.23,146,16,whatsapp,comercio,1
335,3171.87,24,1,nenhum,comercio,0
336,8575.44,1,1,telefone,pessoa_fisica,1
337,8295.23,152,10,whatsapp,industria,1
338,100.0,45,0,nenhum,comercio,0
339,11014.17,44,14,whatsapp,servicos,0
340,7904.09,1,7,nenhum,pessoa_fisica,0
341,5256.19,32,7,email,industria,0
342,17566.74,20,13,sms,servicos,0
343,9603.64,1,9,email,industria,0
344,8404.61,1,7,whatsapp,industria,0
345,7380.64,39,10,email,industria,1
346,16779.47,93,11,nenhum,comercio,0
347,9074.34,153,7,telefone,industria,0
348,9842.89,1,2,whatsapp,comercio,0
349,9702.9,62,18,telefone,servicos,0
350,6005.07,1,13,sms,comercio,0
351,10772.71,47,6,sms,industria,0
352,11652.27,86,15,sms,servicos,0
353,7488.39,58,7,nenhum,comercio,0
354,2150.81,102,7,email,industria,1
355,7435.7,184,2,nenhum,pessoa_fisica,0
356,10355.14,83,14,telefone,servicos,0
357,13688.58,57,15,telefone,servicos,0
358,10778.16,75,5,nenhum,pessoa_fisica,0
359,6737.94,112,6,whatsapp,pessoa_fisica,1
360,3912.36,88,15,email,comercio,1
361,7071.02,57,14,email,industria,0
362,463.31,99,10,sms,servicos,0
363,13395.83,92,6,sms,servicos,0
364,9988.79,139,3,nenhum,comercio,0
365,4024.31,17,4,whatsapp,industria,1
366,10360.73,76,0,email,servicos,0
367,9428.44,68,3,email,pessoa_fisica,1
368,958.14,1,18,whatsapp,industria,1
369,5187.22,51,7,nenhum,pessoa_fisica,1
370,2391.66,85,2,email,pessoa_fisica,1
371,100.0,142,16,sms,pessoa_fisica,1
372,6505.41,181,15,whatsapp,pessoa_fisica,1
373,17437.29,47,8,telefone,comercio,0
374,12021.72,1,15,sms,pessoa_fisica,1
375,7217.83,133,14,whatsapp,industria,0
376,13667.64,132,8,telefone,pessoa_fisica,0
377,6855.39,117,9,telefone,industria,0
378,9039.25,132,20,whatsapp,comercio,0
379,6449.06,43,18,telefone,pessoa_fisica,1
380,275.98,114,10,nenhum,comercio,1
381,10342.27,31,11,whatsapp,comercio,1
382,11903.13,121,10,sms,servicos,1
383,4307.16,65,14,telefone,industria,0
384,4343.54,212,13,telefone,pessoa_fisica,0
385,11808.34,166,18,telefone,pessoa_fisica,0
386,7619.14,57,5,sms,servicos,0
387,6724.97,47,10,nenhum,comercio,0
388,2383.79,160,6,sms,comercio,1
389,16405.17,16,5,whatsapp,industria,1
390,4393.63,35,19,email,industria,1
391,2780.71,84,4,telefone,servicos,1
392,10758.02,74,19,whatsapp,servicos,0
393,3371.67,133,4,telefone,servicos,0
394,100.0,87,17,telefone,servicos,1
395,4953.77,157,0,whatsapp,industria,0
396,3674.64,124,12,telefone,industria,0
397,100.0,77,10,sms,comercio,0
398,13995.44,209,19,sms,servicos,1
399,6292.56,103,14,sms,comercio,1
400,100.0,46,12,nenhum,pessoa_fisica,0
401,7326.7,29,17,whatsapp,servicos,1
402,4853.06,207,17,email,industria,0
403,11562.21,154,13,nenhum,industria,0
404,10690.35,101,14,whatsapp,comercio,1
405,3514.53,144,13,telefone,industria,0
406,9319.15,67,18,email,comercio,0
407,6996.81,75,15,whatsapp,comercio,1
408,873.53,103,2,nenhum,pessoa_fisica,0
409,10475.29,133,9,nenhum,servicos,0
410,7974.96,108,3,whatsapp,industria,0
411,7654.61,16,7,telefone,pessoa_fisica,1
412,7536.75,149,5,whatsapp,industria,1
413,10114.11,1,4,nenhum,pessoa_fisica,1
414,15793.0,183,11,telefone,industria,0
415,16623.88,82,10,email,pessoa_fisica,0
416,6945.86,63,8,whatsapp,comercio,0
417,7088.44,78,20,telefone,pessoa_fisica,0
418,49197.63,306,8,whatsapp,servicos,1
419,100.0,130,13,email,industria,0
420,12836.21,92,0,telefone,industria,0
421,8334.0,62,3,sms,industria,1
422,17032.46,189,8,whatsapp,servicos,1
423,12534.7,153,15,telefone,comercio,1
424,6301.63,58,10,whatsapp,industria,0
425,1354.13,115,12,nenhum,servicos,0
426,9749.26,126,12,whatsapp,pessoa_fisica,0
427,5293.35,158,10,telefone,industria,1
428,19989.69,1,5,telefone,industria,1
429,4949.21,41,3,email,industria,0
430,10325.9,153,8,email,pessoa_fisica,0
431,17244.81,162,19,telefone,comercio,1
432,12620.77,92,1,sms,pessoa_fisica,1
433,11517.19,69,1,sms,servicos,1
434,12018.96,36,19,email,servicos,1
435,5551.21,1,1,sms,pessoa_fisica,1
436,5924.86,105,13,sms,servicos,0
437,11021.02,160,18,sms,comercio,1
438,7981.56,81,18,nenhum,servicos,0
439,1369.09,1,14,sms,industria,1
440,10561.19,67,7,email,servicos,1
441,2694.01,1,11,email,industria,1
442,12425.58,74,4,telefone,pessoa_fisica,0
443,11525.91,41,8,telefone,comercio,1
444,7834.79,149,10,email,comercio,0
445,5989.77,1,12,nenhum,comercio,0
446,9605.03,45,0,whatsapp,servicos,0
447,3359.52,111,18,nenhum,industria,1
448,4457.96,138,20,nenhum,industria,1
449,13418.5,106,2,sms,comercio,0
450,10013.36,108,17,email,industria,1
451,11865.59,82,7,telefone,industria,1
452,16901.6,90,5,sms,servicos,0
453,5415.58,145,3,telefone,pessoa_fisica,0
454,13149.98,64,9,telefone,servicos,0
455,12586.02,1,15,sms,servicos,1
456,100.0,116,15,telefone,comercio,1
457,1841.88,1,6,sms,pessoa_fisica,0
458,18551.04,227,1,whatsapp,industria,0
459,3904.75,91,4,nenhum,pessoa_fisica,0
460,6657.46,59,15,nenhum,comercio,0
461,5397.95,103,17,sms,pessoa_fisica,0
462,6314.46,89,2,nenhum,industria,0
463,100.0,88,8,whatsapp,industria,0
464,7981.14,114,5,nenhum,industria,0
465,9573.99,186,18,email,pessoa_fisica,1
466,2894.66,1,16,email,industria,1
467,8603.03,85,11,nenhum,comercio,1
468,9255.42,156,19,telefone,comercio,1
469,4935.67,225,6,email,servicos,1
470,9314.2,123,14,email,comercio,0
471,9887.12,86,1,email,industria,1
472,100.0,141,11,email,industria,0
473,2711.82,97,0,email,servicos,0
474,2886.93,108,2,nenhum,servicos,0
475,10609.9,79,0,email,pessoa_fisica,0
476,15620.7,73,20,sms,industria,1
477,7833.18,65,5,telefone,industria,1
478,12004.12,189,0,sms,comercio,0
479,12639.43,43,2,nenhum,comercio,1
480,5557.09,46,17,telefone,servicos,1
481,4856.23,171,17,telefone,industria,0
482,3298.35,123,13,nenhum,industria,1
483,8017.61,98,20,sms,pessoa_fisica,1
484,12936.59,164,12,nenhum,industria,0
485,14204.67,109,13,email,industria,1
486,6241.33,8,10,sms,industria,0
487,8764.55,53,20,nenhum,servicos,1
488,10605.11,1,5,email,comercio,1
489,100.0,55,18,telefone,servicos,0
490,225.13,17,9,telefone,pessoa_fisica,1
491,15196.23,130,15,whatsapp,industria,1
492,5507.23,28,11,nenhum,comercio,1
493,14646.07,30,11,whatsapp,industria,1
494,9161.81,72,9,whatsapp,industria,0
495,698.92,105,13,email,comercio,0
496,49484.25,313,15,whatsapp,comercio,1
497,8145.37,75,19,email,comercio,1
498,7991.37,1,16,telefone,comercio,1
499,44220.82,339,2,telefone,pessoa_fisica,1
500,13799.54,71,19,email,pessoa_fisica,1
501,6910.53,127,4,sms,pessoa_fisica,0
502,13207.0,157,20,telefone,pessoa_fisica,1
503,1392.14,69,17,whatsapp,servicos,0
504,9874.89,54,18,nenhum,comercio,1
505,10993.18,145,0,sms,comercio,0
506,6765.33,60,1,email,comercio,0
507,7734.34,142,14,email,comercio,0
508,6096.57,51,14,nenhum,pessoa_fisica,0
509,9157.23,1,12,sms,servicos,0
510,16908.09,168,11,whatsapp,servicos,1
511,100.0,109,4,telefone,comercio,0
512,7910.16,69,15,sms,industria,1
513,8917.81,87,17,telefone,servicos,1
514,14371.76,62,20,email,pessoa_fisica,0
515,3707.51,1,11,nenhum,servicos,0
516,2001.86,137,0,sms,servicos,0
517,13181.75,16,5,nenhum,industria,1
518,12282.11,94,20,whatsapp,comercio,0
519,4979.33,167,17,sms,servicos,1
520,6243.82,147,0,telefone,industria,0
521,15686.87,113,5,telefone,servicos,0
522,2772.99,72,18,whatsapp,pessoa_fisica,0
523,14810.61,16,4,whatsapp,servicos,1
524,6287.57,113,19,nenhum,pessoa_fisica,1
525,7975.53,23,18,sms,industria,0
526,8026.39,161,13,email,pessoa_fisica,1
527,13770.38,74,19,sms,servicos,1
528,12163.29,115,13,nenhum,industria,1
529,9071.35,94,1,telefone,industria,1
530,7105.02,113,18,whatsapp,pessoa_fisica,0
531,14370.22,28,20,telefone,pessoa_fisica,0
532,5716.74,140,9,whatsapp,industria,1
533,12274.77,48,11,nenhum,servicos,0
534,14589.76,228,5,sms,pessoa_fisica,1
535,13694.27,92,20,telefone,pessoa_fisica,0
536,6229.27,249,2,nenhum,servicos,0
537,9039.4,1,20,telefone,industria,0
538,9723.52,1,11,email,comercio,1
539,18834.95,112,3,sms,comercio,1
540,10045.18,68,1,whatsapp,pessoa_fisica,0
541,10900.85,57,4,email,industria,1
542,15117.35,160,18,nenhum,industria,0
543,10365.7,86,8,telefone,industria,1
544,6036.5,93,16,email,industria,0
545,9520.2,140,13,whatsapp,comercio,0
546,7046.9,53,5,whatsapp,servicos,1
547,10825.53,79,8,telefone,comercio,0
548,2255.24,90,14,telefone,industria,1
549,1313.49,76,8,email,industria,1
550,7047.1,75,10,nenhum,pessoa_fisica,0
551,7882.65,73,5,email,servicos,0
552,9312.1,108,0,whatsapp,industria,0
553,11400.21,64,5,telefone,industria,0
554,7296.23,66,20,email,industria,1
555,11722.55,106,1,whatsapp,industria,0
556,6340.61,1,12,nenhum,servicos,1
557,8984.26,97,2,email,industria,0
558,18028.77,199,8,telefone,comercio,1
559,11972.35,111,2,nenhum,industria,0
560,100.0,75,17,whatsapp,pessoa_fisica,1
561,9431.0,42,14,nenhum,comercio,0
562,15166.35,35,17,email,comercio,0
563,14813.71,47,7,whatsapp,pessoa_fisica,1
564,5812.31,155,7,email,pessoa_fisica,0
565,10829.07,127,8,telefone,industria,0
566,4588.39,115,2,sms,industria,0
567,14008.06,24,6,whatsapp,comercio,1
568,10935.59,110,16,email,industria,1
569,15503.28,1,2,email,pessoa_fisica,1
570,9348.67,156,12,telefone,industria,1
571,6996.0,172,11,nenhum,servicos,0
572,4188.04,71,5,telefone,industria,0
573,4826.56,24,8,whatsapp,servicos,1
574,7795.38,122,6,email,industria,1
575,5476.18,104,12,whatsapp,servicos,0
576,10950.0,67,17,email,industria,0
577,19451.27,60,6,whatsapp,pessoa_fisica,0
578,10267.07,151,16,email,pessoa_fisica,0
579,1581.7,162,16,whatsapp,servicos,1
580,3877.67,12,13,email,servicos,0
581,11313.25,42,2,whatsapp,industria,1
582,14908.15,101,19,sms,industria,1
583,8066.47,128,6,email,pessoa_fisica,0
584,9121.83,43,17,nenhum,servicos,0
585,100.0,141,14,telefone,pessoa_fisica,1
586,4938.33,166,20,sms,industria,1
587,9902.96,147,16,whatsapp,servicos,1
588,14950.8,1,0,telefone,industria,0
589,7308.49,124,9,sms,servicos,0
590,13757.92,86,5,nenhum,pessoa_fisica,1
591,8266.74,6,14,nenhum,servicos,0
592,100.0,71,8,whatsapp,servicos,0
593,7393.74,213,19,sms,pessoa_fisica,1
594,6896.43,110,9,email,comercio,0
595,8282.36,76,20,nenhum,pessoa_fisica,0
596,3194.66,1,12,nenhum,industria,1
597,7380.83,78,16,whatsapp,servicos,1
598,6265.79,90,17,email,pessoa_fisica,0
599,11570.68,1,15,email,comercio,1
600,3920.03,37,19,sms,pessoa_fisica,0
601,12980.18,169,8,email,servicos,0
602,7718.63,146,10,whatsapp,pessoa_fisica,0
603,2267.44,72,19,whatsapp,pessoa_fisica,1
604,100.0,184,1,nenhum,industria,1
605,9994.55,30,5,nenhum,comercio,0
606,14465.75,155,7,email,industria,0
607,2372.74,1,19,sms,servicos,1
608,5168.81,97,12,telefone,comercio,1
609,5881.27,147,9,whatsapp,servicos,1
610,9361.11,210,18,telefone,industria,1
611,9062.09,124,4,nenhum,industria,0
612,9644.18,125,9,email,comercio,1
613,5115.67,3,4,email,industria,0
614,8564.72,114,7,sms,industria,0
615,8139.41,71,19,whatsapp,industria,0
616,5773.21,39,19,email,industria,1
617,100.0,104,20,sms,pessoa_fisica,0
618,19686.44,79,8,sms,comercio,0
619,6235.04,112,2,email,comercio,0
620,1888.98,160,4,email,industria,0
621,15055.79,1,20,telefone,industria,1
622,4707.56,151,5,email,servicos,0
623,15912.89,99,19,sms,comercio,1
624,4092.93,120,1,whatsapp,pessoa_fisica,1
625,3600.98,67,1,sms,industria,0
626,14297.34,131,14,email,industria,0
627,12484.34,43,8,nenhum,industria,1
628,6541.08,62,5,nenhum,industria,0
629,7342.4,191,3,email,pessoa_fisica,0
630,5985.0,151,11,nenhum,comercio,0
631,4407.69,66,2,sms,comercio,0
632,14995.93,57,17,telefone,comercio,1
633,7337.02,1,4,sms,comercio,1
634,45363.26,340,16,sms,pessoa_fisica,0
635,9916.52,106,6,sms,comercio,0
636,6834.75,62,7,sms,pessoa_fisica,0
637,14806.31,191,13,telefone,pessoa_fisica,0
638,13452.82,80,7,email,pessoa_fisica,1
639,14801.78,123,13,whatsapp,comercio,0
640,12893.8,142,12,nenhum,industria,1
641,2280.42,25,15,nenhum,servicos,1
642,5235.38,91,0,email,comercio,0
643,14263.18,22,14,email,pessoa_fisica,0
644,13131.71,210,2,whatsapp,servicos,0
645,11971.54,199,16,email,comercio,0
646,2028.01,23,17,whatsapp,industria,1
647,11300.59,106,13,sms,comercio,0
648,17437.04,111,7,email,pessoa_fisica,1
649,18208.91,24,14,whatsapp,servicos,0
650,100.0,1,13,nenhum,servicos,0
651,7221.75,53,13,sms,servicos,0
652,17555.24,32,11,telefone,comercio,1
653,100.0,104,14,sms,servicos,1
654,4970.02,117,11,telefone,pessoa_fisica,1
655,5975.49,25,8,email,industria,1
656,4678.88,91,2,whatsapp,pessoa_fisica,0
657,13193.2,118,1,nenhum,pessoa_fisica,1
658,1411.54,109,4,email,industria,0
659,2228.07,58,6,whatsapp,servicos,0
660,5102.2,1,7,sms,comercio,0
661,6383.14,86,0,sms,comercio,1
662,6971.94,30,4,telefone,industria,1
663,10730.73,130,11,email,pessoa_fisica,1
664,13229.82,279,18,nenhum,pessoa_fisica,1
665,14089.99,71,20,email,pessoa_fisica,0
666,100.0,118,12,sms,comercio,0
667,2359.78,1,4,whatsapp,industria,1
668,10381.43,47,9,telefone,comercio,0
669,12651.25,100,2,sms,servicos,0
670,8983.45,85,1,nenhum,comercio,1
671,8950.01,1,18,whatsapp,industria,1
672,6778.71,170,12,email,servicos,1
673,46700.46,302,5,sms,servicos,0
674,10744.72,57,11,sms,comercio,0
675,12802.74,58,10,nenhum,servicos,0
676,11991.88,115,9,whatsapp,servicos,0
677,6172.36,68,13,whatsapp,servicos,1
678,1313.81,64,1,whatsapp,comercio,0
679,17393.19,45,16,whatsapp,comercio,1
680,8713.09,60,9,nenhum,servicos,0
681,4883.6,98,19,email,industria,0
682,11120.62,23,9,whatsapp,servicos,1
683,9606.9,62,6,sms,industria,0
684,10910.44,77,10,whatsapp,servicos,1
685,14278.58,110,17,email,comercio,0
686,1947.49,1,7,whatsapp,industria,1
687,13731.58,204,9,nenhum,industria,0
688,12424.94,64,15,nenhum,servicos,1
689,100.0,123,5,sms,servicos,0
690,6978.51,106,14,telefone,industria,1
691,12165.25,57,9,whatsapp,servicos,0
692,1065.68,131,3,telefone,pessoa_fisica,0
693,17165.48,99,13,nenhum,pessoa_fisica,1
694,100.0,14,11,email,servicos,0
695,8469.88,65,0,nenhum,servicos,1
696,8539.23,80,15,telefone,industria,1
697,4725.48,26,9,whatsapp,pessoa_fisica,0
698,10178.65,48,13,telefone,industria,0
699,7627.72,60,13,nenhum,industria,0
700,4492.51,78,9,whatsapp,servicos,0
701,10698.01,154,20,sms,industria,1
702,9418.28,62,12,sms,servicos,0
703,9489.21,58,13,telefone,pessoa_fisica,0
704,12612.24,1,10,nenhum,comercio,1
705,7118.82,1,11,whatsapp,pessoa_fisica,0
706,17036.6,129,8,nenhum,industria,1
707,8309.7,191,9,email,servicos,1
708,4866.7,80,12,email,comercio,0
709,4676.99,94,5,whatsapp,servicos,1
710,17489.32,75,14,email,comercio,1
711,9402.32,138,13,telefone,industria,1
712,6137.27,60,11,email,industria,1
713,12875.87,142,8,whatsapp,industria,1
714,15775.29,185,16,sms,industria,0
715,7967.6,107,20,telefone,comercio,1
716,3734.57,92,10,sms,servicos,0
717,46362.91,305,14,email,pessoa_fisica,0
718,8851.02,10,16,sms,pessoa_fisica,1
719,9770.48,19,11,whatsapp,pessoa_fisica,1
720,100.0,61,16,telefone,pessoa_fisica,1
721,6094.2,90,1,telefone,servicos,0
722,12208.59,3,7,nenhum,pessoa_fisica,0
723,15441.2,65,18,sms,servicos,1
724,10366.15,1,0,nenhum,industria,0
725,10867.18,121,3,telefone,industria,1
726,15774.09,111,14,nenhum,industria,0
727,1633.16,110,19,telefone,industria,0
728,18741.97,98,6,whatsapp,servicos,0
729,2950.62,7,18,nenhum,servicos,0
730,4109.22,56,18,email,pessoa_fisica,1
731,279.56,133,16,sms,pessoa_fisica,1
732,5322.18,88,1,whatsapp,pessoa_fisica,0
733,6299.7,1,13,nenhum,pessoa_fisica,1
734,100.0,99,13,email,servicos,1
735,100.0,172,12,sms,servicos,1
736,7364.09,61,19,sms,industria,1
737,3307.09,44,12,email,comercio,0
738,5961.2,163,4,email,comercio,1
739,3804.04,198,10,sms,pessoa_fisica,0
740,12705.96,131,4,sms,pessoa_fisica,0
741,9970.11,147,7,nenhum,pessoa_fisica,0
742,9154.22,78,10,nenhum,servicos,1
743,10135.9,85,18,sms,industria,0
744,14636.54,127,10,sms,servicos,0
745,5254.18,162,13,sms,comercio,1
746,13564.22,98,1,telefone,industria,0
747,8727.26,82,0,nenhum,comercio,1
748,7062.65,148,0,email,industria,0
749,16993.45,36,13,whatsapp,servicos,0
750,5543.14,81,2,email,comercio,0
751,3639.16,17,4,sms,industria,0
752,100.0,203,7,nenhum,industria,0
753,12743.62,98,15,telefone,pessoa_fisica,1
754,9499.82,99,17,telefone,servicos,1
755,6982.54,1,5,nenhum,industria,0
756,10859.82,164,10,nenhum,industria,0
757,14266.62,142,4,nenhum,industria,1
758,12326.47,72,13,email,pessoa_fisica,1
759,2886.74,109,0,nenhum,pessoa_fisica,0
760,5822.73,200,17,whatsapp,industria,0
761,9021.79,91,10,nenhum,pessoa_fisica,1
762,198.8,64,18,email,comercio,0
763,10651.67,27,3,email,servicos,0
764,7292.62,85,4,telefone,comercio,0
765,11334.7,85,6,email,industria,0
766,10632.82,80,4,sms,industria,1
767,5491.67,1,8,telefone,servicos,1
768,9262.07,52,2,whatsapp,servicos,0
769,5225.1,105,14,whatsapp,industria,0
770,100.0,45,16,telefone,servicos,1
771,10166.28,1,19,nenhum,servicos,0
772,13868.8,162,13,nenhum,pessoa_fisica,0
773,3687.8,30,10,telefone,pessoa_fisica,0
774,4276.0,24,8,sms,industria,0
775,5840.65,83,17,email,comercio,1
776,4866.5,55,18,email,industria,0
777,12921.56,89,18,sms,comercio,1
778,5629.92,84,3,sms,comercio,0
779,7221.83,143,0,whatsapp,industria,0
780,100.0,164,0,telefone,industria,0
781,5032.41,89,0,sms,servicos,0
782,16410.89,67,18,email,servicos,0
783,10000.48,179,4,email,servicos,0
784,6900.85,61,2,sms,pessoa_fisica,0
785,6719.63,183,9,email,comercio,1
786,11025.31,132,17,telefone,pessoa_fisica,0
787,5052.46,133,13,telefone,pessoa_fisica,0
788,100.0,181,6,sms,pessoa_fisica,1
789,5489.95,143,13,nenhum,servicos,0
790,6963.83,30,19,telefone,pessoa_fisica,1
791,8534.61,137,3,email,industria,1
792,11673.01,139,1,telefone,pessoa_fisica,0
793,11771.5,170,14,nenhum,pessoa_fisica,0
794,42120.92,348,11,email,servicos,1
795,100.0,72,12,nenhum,industria,0
796,10326.3,22,3,email,pessoa_fisica,1
797,10578.33,109,17,sms,comercio,1
798,4432.13,1,14,nenhum,industria,1
799,18549.12,164,1,sms,industria,0
800,5234.96,173,4,email,pessoa_fisica,0
801,13351.17,144,5,whatsapp,servicos,0
802,7319.81,152,12,email,pessoa_fisica,0
803,15851.85,89,6,nenhum,servicos,0
804,3826.15,40,19,nenhum,servicos,1
805,8388.68,170,15,telefone,pessoa_fisica,1
806,10998.83,121,1,sms,servicos,0
807,6225.86,82,10,sms,servicos,1
808,2460.29,138,19,email,servicos,0
809,8695.16,132,16,nenhum,servicos,1
810,9992.4,114,20,sms,servicos,0
811,10462.39,51,0,email,pessoa_fisica,0
812,8068.68,79,20,whatsapp,servicos,0
813,10330.37,72,13,whatsapp,pessoa_fisica,0
814,2634.32,45,13,email,pessoa_fisica,1
815,10082.99,57,9,telefone,comercio,1
816,1556.5,40,8,email,comercio,1
817,11798.31,26,3,whatsapp,pessoa_fisica,0
818,6795.61,117,18,nenhum,industria,1
819,13934.46,71,15,sms,servicos,0
820,9109.24,106,9,whatsapp,industria,0
821,7724.38,1,2,whatsapp,servicos,1
822,9159.42,128,11,nenhum,servicos,0
823,10063.29,169,2,email,comercio,0
824,13155.93,110,18,sms,comercio,0
825,6258.99,1,12,nenhum,servicos,0
826,5128.58,218,19,email,servicos,0
827,16605.18,125,14,whatsapp,pessoa_fisica,1
828,6358.63,64,4,sms,pessoa_fisica,0
829,9252.79,143,11,nenhum,comercio,1
830,8726.09,51,19,whatsapp,servicos,1
831,8883.15,30,12,sms,industria,0
832,14682.41,114,19,sms,industria,0
833,9416.64,88,7,whatsapp,pessoa_fisica,1
834,8669.03,29,6,telefone,servicos,0
835,19882.37,167,19,sms,pessoa_fisica,1
836,6652.26,33,2,sms,industria,0
837,13699.1,151,4,telefone,pessoa_fisica,0
838,100.0,115,13,telefone,servicos,1
839,514.38,88,1,email,servicos,1
840,13071.04,78,11,email,industria,0
841,6898.31,160,14,whatsapp,servicos,0
842,10988.26,124,2,email,pessoa_fisica,0
843,764.25,118,13,email,pessoa_fisica,1
844,12291.88,61,0,nenhum,comercio,0
845,6368.58,1,2,sms,servicos,1
846,15864.6,26,8,sms,servicos,0
847,18127.01,122,12,whatsapp,comercio,0
848,11445.94,1,1,email,comercio,0
849,10123.85,73,2,whatsapp,comercio,0
850,6830.52,51,4,sms,industria,1
851,526.66,157,19,email,pessoa_fisica,1
852,6124.06,8,2,email,pessoa_fisica,0
853,9034.9,115,4,email,pessoa_fisica,1
854,4082.81,31,15,whatsapp,comercio,0
855,4010.88,6,18,email,industria,0
856,7238.62,38,17,whatsapp,servicos,1
857,986.63,92,5,nenhum,servicos,0
858,10942.48,58,16,sms,pessoa_fisica,0
859,14671.52,103,16,nenhum,industria,0
860,7553.11,211,17,email,comercio,1
861,2541.8,33,11,sms,comercio,1
862,5805.57,34,4,whatsapp,pessoa_fisica,0
863,6367.67,106,17,sms,industria,0
864,12777.9,77,4,nenhum,comercio,1
865,6294.27,101,1,nenhum,industria,0
866,100.0,42,13,telefone,servicos,1
867,4480.73,1,19,whatsapp,servicos,1
868,8808.1,81,9,sms,servicos,1
869,5272.86,1,3,email,pessoa_fisica,0
870,4584.76,74,11,nenhum,industria,0
871,9292.78,128,17,sms,comercio,0
872,6495.82,101,17,telefone,pessoa_fisica,0
873,14723.31,93,1,email,comercio,0
874,6431.65,49,9,nenhum,industria,0
875,7690.18,151,7,sms,pessoa_fisica,1
876,5212.86,11,18,nenhum,comercio,0
877,6722.48,66,5,sms,comercio,0
878,6626.15,48,20,whatsapp,pessoa_fisica,1
879,9132.15,44,2,telefone,comercio,0
880,11549.46,68,18,sms,comercio,1
881,6332.21,126,13,telefone,comercio,0
882,5556.32,51,19,sms,comercio,0
883,9771.31,88,16,telefone,pessoa_fisica,1
884,100.0,81,11,nenhum,comercio,0
885,8391.1,120,2,telefone,industria,0
886,2581.33,73,7,email,comercio,1
887,6302.28,169,6,email,pessoa_fisica,0
888,9615.92,109,3,sms,pessoa_fisica,0
889,8831.66,1,4,nenhum,comercio,0
890,14180.18,49,9,sms,comercio,1
891,9663.52,98,12,sms,servicos,0
892,10984.79,114,5,whatsapp,pessoa_fisica,1
893,2511.61,138,8,email,industria,1
894,7961.5,107,17,email,servicos,0
895,6405.18,56,5,whatsapp,servicos,0
896,10060.07,118,0,nenhum,industria,1
897,6510.44,61,6,telefone,servicos,0
898,11098.06,156,2,sms,servicos,1
899,13852.29,1,8,nenhum,comercio,1
900,6476.55,1,19,whatsapp,servicos,1
901,8575.76,81,12,sms,servicos,0
902,6708.6,63,13,sms,pessoa_fisica,1
903,1573.6,118,4,nenhum,pessoa_fisica,0
904,4906.41,5,12,sms,comercio,1
905,4542.42,82,6,telefone,servicos,0
906,838.85,228,9,telefone,servicos,0
907,10538.99,37,11,email,comercio,0
908,6208.89,186,8,telefone,pessoa_fisica,1
909,15559.15,117,13,whatsapp,comercio,1
910,1407.07,29,2,telefone,comercio,1
911,12698.12,36,19,nenhum,comercio,0
912,8302.73,50,5,telefone,comercio,0
913,9002.43,42,3,whatsapp,industria,0
914,9106.27,7,3,sms,servicos,0
915,9524.7,60,19,nenhum,comercio,1
916,7783.52,63,1,nenhum,comercio,0
917,818.62,116,5,email,industria,1
918,14383.8,81,10,sms,servicos,0
919,100.0,64,0,nenhum,servicos,0
920,12749.65,112,15,nenhum,servicos,1
921,7817.11,50,15,sms,pessoa_fisica,1
922,6625.51,86,12,email,comercio,0
923,2793.33,34,12,sms,comercio,1
924,9199.25,98,16,telefone,comercio,1
925,9154.73,99,7,telefone,industria,1
926,4636.25,108,2,telefone,comercio,0
927,12666.15,90,9,telefone,industria,1
928,100.0,72,5,telefone,industria,0
929,8421.67,81,2,sms,comercio,1
930,10277.59,89,18,whatsapp,comercio,0
931,100.0,24,16,email,industria,1
932,1916.09,60,8,sms,pessoa_fisica,0
933,3799.9,165,20,nenhum,comercio,1
934,763.79,87,0,sms,servicos,1
935,17112.73,73,18,whatsapp,comercio,0
936,11041.02,174,9,sms,comercio,1
937,6345.93,46,15,sms,comercio,1
938,1615.3,72,0,telefone,industria,0
939,4876.51,80,14,nenhum,comercio,0
940,4004.83,92,19,email,servicos,0
941,11208.2,114,3,whatsapp,industria,1
942,9405.46,69,20,telefone,pessoa_fisica,1
943,9116.95,40,9,email,comercio,0
944,10332.78,166,13,whatsapp,comercio,1
945,7342.7,157,11,telefone,comercio,0
946,40641.99,311,2,email,comercio,0
947,10636.12,67,15,email,industria,1
948,10633.42,79,3,email,comercio,0
949,12477.81,212,7,sms,pessoa_fisica,0
950,100.0,224,7,whatsapp,comercio,0
951,46227.23,340,11,whatsapp,comercio,1
952,11576.01,40,20,nenhum,pessoa_fisica,0
953,15899.06,85,17,sms,pessoa_fisica,1
954,7131.49,5,5,sms,industria,0
955,12273.52,87,17,sms,pessoa_fisica,1
956,17343.17,156,0,sms,comercio,1
957,8075.2,36,19,nenhum,industria,1
958,14126.75,61,3,email,pessoa_fisica,0
959,11047.93,59,3,sms,industria,0
960,6562.92,140,18,email,pessoa_fisica,1
961,7065.46,118,13,nenhum,servicos,1
962,13766.29,52,1,email,industria,0
963,9764.69,136,14,email,pessoa_fisica,1
964,10166.21,1,9,telefone,pessoa_fisica,0
965,4865.12,110,19,nenhum,pessoa_fisica,1
966,7526.82,63,15,whatsapp,servicos,0
967,5797.93,153,18,sms,comercio,1
968,10568.29,123,1,sms,comercio,0
969,7510.4,129,13,nenhum,industria,1
970,12411.29,233,12,sms,comercio,0
971,5928.39,38,7,whatsapp,pessoa_fisica,1
972,10096.87,127,8,telefone,servicos,1
973,11867.37,45,0,whatsapp,industria,1
974,16029.99,119,8,telefone,pessoa_fisica,1
975,12217.12,75,13,email,servicos,1
976,10873.82,85,7,telefone,servicos,0
977,7185.76,174,15,telefone,comercio,0
978,3582.45,246,0,nenhum,comercio,0
979,3040.41,47,4,whatsapp,servicos,0
980,7355.35,161,6,whatsapp,pessoa_fisica,0
981,11197.27,106,13,sms,industria,0
982,7088.24,95,2,whatsapp,comercio,0
983,100.0,31,2,whatsapp,industria,0
984,19378.07,50,2,whatsapp,pessoa_fisica,1
985,6993.59,1,18,telefone,servicos,1
986,4032.96,71,13,nenhum,servicos,0
987,5487.89,70,9,sms,pessoa_fisica,0
988,8161.12,101,3,email,industria,0
989,8247.51,197,11,sms,pessoa_fisica,0
990,8169.74,139,1,whatsapp,pessoa_fisica,0
991,3271.61,133,14,telefone,industria,1
992,9869.52,17,15,whatsapp,servicos,1
993,6520.72,156,1,whatsapp,servicos,0
994,7912.79,119,16,telefone,pessoa_fisica,0
995,100.0,153,11,telefone,industria,0
996,5129.03,101,9,sms,industria,0
997,100.0,1,13,telefone,industria,0
998,5871.58,62,6,telefone,comercio,1
999,11027.73,101,10,sms,pessoa_fisica,1
1000,9804.16,88,20,whatsapp,servicos,1
1001,18382.2,133,0,nenhum,industria,0
1002,9464.32,70,0,sms,pessoa_fisica,0
1003,10016.01,69,11,email,servicos,1
1004,9693.09,54,20,telefone,industria,1
1005,7223.58,86,14,whatsapp,servicos,1
1006,7627.07,7,0,sms,servicos,1
1007,7583.64,38,9,sms,industria,1
1008,3013.96,24,5,nenhum,servicos,0
1009,8419.65,55,4,email,pessoa_fisica,1
1010,8919.98,30,5,whatsapp,servicos,1
1011,15865.35,73,16,nenhum,comercio,0
1012,11487.28,1,4,telefone,industria,0
1013,1039.33,102,5,sms,comercio,0
1014,7892.4,64,20,nenhum,pessoa_fisica,1
1015,5544.84,72,3,nenhum,industria,0
1016,9971.47,78,9,sms,comercio,1
1017,9347.33,161,9,email,comercio,0
1018,12749.04,130,18,whatsapp,pessoa_fisica,0
1019,5709.56,145,0,email,industria,1
1020,100.0,88,16,nenhum,comercio,1
1021,8094.47,101,2,telefone,servicos,1
1022,9824.05,3,18,email,industria,0
1023,21986.25,52,2,sms,servicos,1
1024,10636.67,150,4,sms,industria,0
1025,16255.11,58,20,nenhum,servicos,0
1026,9618.68,24,10,nenhum,industria,1
1027,10231.79,115,9,email,pessoa_fisica,1
1028,8899.91,88,8,email,servicos,0
1029,10507.56,145,15,email,pessoa_fisica,0
1030,5203.49,220,0,email,comercio,0
1031,7038.24,76,18,sms,comercio,0
1032,14270.31,85,12,nenhum,industria,0
1033,4160.14,56,18,nenhum,pessoa_fisica,0
1034,2726.21,38,17,telefone,pessoa_fisica,1
1035,9795.67,28,17,nenhum,industria,0
1036,12905.18,104,14,nenhum,industria,0
1037,100.0,40,9,telefone,comercio,0
1038,1706.48,143,14,sms,industria,0
1039,3828.0,55,5,email,comercio,0
1040,15092.72,95,3,telefone,comercio,0
1041,18048.87,69,5,nenhum,servicos,1
1042,100.0,104,10,sms,industria,0
1043,100.0,1,20,telefone,pessoa_fisica,0
1044,9697.33,47,4,sms,pessoa_fisica,0
1045,6139.39,57,10,sms,industria,1
1046,49971.79,357,19,telefone,comercio,0
1047,11535.41,113,6,nenhum,servicos,0
1048,7799.49,94,15,telefone,comercio,0
1049,9640.2,113,13,email,industria,1
1050,4014.93,164,17,telefone,servicos,0
1051,100.0,11,6,whatsapp,servicos,0
1052,9002.53,40,14,email,comercio,1
1053,16010.84,13,12,sms,pessoa_fisica,0
1054,100.0,111,5,whatsapp,servicos,0
1055,8772.52,11,3,email,comercio,0
1056,10535.45,131,12,sms,pessoa_fisica,0
1057,8622.5,105,3,whatsapp,servicos,0
1058,5094.56,1,18,whatsapp,industria,0
1059,3025.42,53,20,whatsapp,industria,1
1060,6249.67,42,18,whatsapp,servicos,1
1061,6780.42,9,9,sms,comercio,0
1062,100.0,101,10,whatsapp,pessoa_fisica,1
1063,15184.21,163,6,telefone,pessoa_fisica,0
1064,2645.6,111,8,nenhum,industria,0
1065,42096.12,325,6,email,industria,0
1066,602.98,1,12,sms,comercio,0
1067,14402.12,1,11,email,servicos,1
1068,10954.64,117,0,email,industria,0
1069,8604.19,140,3,sms,industria,0
1070,8650.5,38,3,sms,comercio,0
1071,16721.58,96,8,email,servicos,0
1072,1428.81,190,0,whatsapp,servicos,0
1073,9720.24,21,8,nenhum,pessoa_fisica,0
1074,9669.99,153,11,nenhum,servicos,0
1075,3311.11,212,19,sms,servicos,1
1076,5867.43,146,10,whatsapp,pessoa_fisica,0
1077,100.0,78,11,nenhum,servicos,1
1078,100.0,128,0,whatsapp,servicos,1
1079,2903.56,64,14,sms,industria,1
1080,10853.59,114,4,email,comercio,0
1081,100.0,86,17,sms,comercio,1
1082,8383.8,107,3,email,comercio,0
1083,14782.28,123,7,telefone,servicos,1
1084,6146.28,1,12,nenhum,servicos,1
1085,18331.88,1,15,email,comercio,1
1086,11162.64,135,16,telefone,pessoa_fisica,0
1087,100.0,49,1,whatsapp,pessoa_fisica,1
1088,4184.52,132,0,nenhum,comercio,0
1089,12198.28,157,2,whatsapp,comercio,0
1090,12436.64,1,9,sms,industria,0
1091,11922.99,132,8,sms,industria,1
1092,11875.9,13,13,telefone,servicos,1
1093,43993.29,336,8,email,comercio,0
1094,10161.28,5,0,email,servicos,1
1095,8337.6,50,10,whatsapp,industria,1
1096,11379.25,174,10,whatsapp,industria,1
1097,14637.66,93,18,whatsapp,servicos,0
1098,15774.82,121,3,email,servicos,1
1099,14591.32,68,18,email,comercio,1
1100,8886.59,112,20,sms,comercio,0
1101,5987.38,14,13,email,pessoa_fisica,1
1102,7554.56,64,5,sms,servicos,1
1103,17833.59,120,9,whatsapp,comercio,1
1104,14164.59,88,15,email,servicos,1
1105,11465.48,46,3,whatsapp,industria,1
1106,7830.97,124,13,nenhum,industria,1
1107,259.16,116,3,email,industria,0
1108,4998.11,57,15,email,servicos,1
1109,4174.15,159,3,email,comercio,0
1110,10827.84,107,18,email,industria,0
1111,13654.12,13,11,email,servicos,0
1112,510.89,99,17,nenhum,comercio,0
1113,11095.04,75,11,nenhum,servicos,0
1114,8978.18,15,9,nenhum,comercio,1
1115,10135.76,175,19,sms,servicos,1
1116,3006.72,9,5,telefone,industria,1
1117,13015.18,85,1,nenhum,servicos,0
1118,14437.2,120,9,whatsapp,comercio,1
1119,9514.72,116,19,telefone,industria,0
1120,10366.66,112,17,nenhum,pessoa_fisica,1
1121,12602.44,93,11,nenhum,servicos,0
1122,10655.77,135,13,telefone,industria,1
1123,7372.76,173,5,nenhum,industria,0
1124,5474.61,122,14,sms,servicos,0
1125,16872.5,141,18,whatsapp,comercio,0
1126,9924.2,180,2,telefone,comercio,0
1127,2564.27,83,6,email,industria,1
1128,3106.48,155,17,telefone,industria,1
1129,6351.3,90,9,sms,industria,1
1130,15038.31,135,3,nenhum,servicos,0
1131,12567.78,41,7,email,industria,1
1132,12569.78,168,20,whatsapp,pessoa_fisica,1
1133,4567.78,170,14,nenhum,servicos,0
1134,7455.19,14,8,nenhum,industria,0
1135,1605.69,46,2,sms,industria,1
1136,10358.71,57,19,nenhum,servicos,1
1137,46317.68,304,17,telefone,industria,1
1138,5090.56,110,10,email,servicos,0
1139,5598.2,71,17,nenhum,pessoa_fisica,1
1140,7132.71,47,5,nenhum,pessoa_fisica,1
1141,14536.34,175,11,whatsapp,servicos,1
1142,785.64,199,4,nenhum,comercio,0
1143,9280.62,86,12,nenhum,comercio,1
1144,11661.73,139,10,whatsapp,servicos,0
1145,14172.54,111,2,telefone,comercio,0
1146,11457.11,267,14,nenhum,servicos,0
1147,2951.3,4,16,whatsapp,industria,1
1148,9263.81,99,4,email,pessoa_fisica,0
1149,10527.39,118,5,whatsapp,comercio,1
1150,10912.56,212,17,sms,servicos,0
1151,5395.61,121,18,sms,pessoa_fisica,0
1152,4753.71,114,6,nenhum,servicos,0
1153,2083.0,12,1,telefone,servicos,0
1154,13952.67,114,16,telefone,pessoa_fisica,1
1155,4093.24,18,5,sms,pessoa_fisica,1
1156,5487.97,132,6,sms,servicos,0
1157,6672.81,63,2,nenhum,pessoa_fisica,0
1158,10429.26,121,19,telefone,comercio,1
1159,3719.95,119,9,telefone,industria,0
1160,4820.44,64,4,telefone,servicos,0
1161,9441.57,78,0,telefone,comercio,0
1162,2723.11,79,9,nenhum,comercio,1
1163,13916.88,104,16,telefone,servicos,1
1164,12695.18,86,14,email,comercio,1
1165,13313.77,53,18,telefone,pessoa_fisica,0
1166,11296.99,20,5,telefone,industria,1
1167,9867.44,52,1,whatsapp,servicos,0
1168,3774.87,168,12,email,servicos,0
1169,11157.55,69,12,whatsapp,industria,0
1170,13501.72,121,10,nenhum,comercio,1
1171,18564.9,80,17,sms,industria,1
1172,3367.67,156,2,email,comercio,0
1173,9386.23,74,18,sms,servicos,1
1174,10822.76,37,1,sms,industria,1
1175,9001.07,6,2,sms,comercio,0
1176,3981.16,94,13,telefone,pessoa_fisica,0
1177,9678.3,68,3,sms,pessoa_fisica,0
1178,10952.4,111,11,email,industria,0
1179,12338.22,124,11,whatsapp,pessoa_fisica,1
1180,4075.92,141,9,nenhum,servicos,0
1181,9795.26,140,10,sms,pessoa_fisica,0
1182,8104.45,94,17,email,pessoa_fisica,1
1183,15298.47,64,15,email,pessoa_fisica,0
1184,8245.24,28,2,whatsapp,servicos,0
1185,4281.76,139,15,whatsapp,industria,0
1186,17065.04,110,12,sms,comercio,0
1187,5578.64,98,17,email,comercio,1
1188,10606.47,107,2,nenhum,servicos,0
1189,15565.58,71,4,telefone,industria,1
1190,9067.91,86,16,email,pessoa_fisica,1
1191,15209.94,20,4,nenhum,comercio,0
1192,11305.19,89,0,whatsapp,industria,1
1193,14621.63,34,4,email,pessoa_fisica,1
1194,9592.04,151,1,nenhum,industria,0
1195,133.87,186,9,nenhum,industria,0
1196,12929.69,97,13,telefone,servicos,0
1197,10336.03,1,8,sms,industria,1
1198,9106.64,110,5,telefone,comercio,0
1199,7973.79,57,18,nenhum,comercio,0
1200,8399.83,127,4,nenhum,comercio,0
1201,2845.21,146,5,nenhum,pessoa_fisica,1
1202,7520.49,107,8,sms,industria,1
1203,12471.61,44,10,telefone,pessoa_fisica,0
1204,6849.13,20,14,telefone,comercio,1
1205,14139.8,47,2,email,comercio,0
1206,9618.09,36,2,nenhum,industria,0
1207,12477.48,106,18,email,industria,1
1208,4223.71,63,8,sms,industria,0
1209,5726.0,121,1,email,pessoa_fisica,0
1210,12489.21,105,1,sms,industria,0
1211,47847.83,339,19,email,pessoa_fisica,1
1212,100.0,92,19,sms,pessoa_fisica,0
1213,6571.08,86,9,telefone,comercio,1
1214,4533.33,7,17,telefone,industria,0
1215,3385.02,143,11,email,industria,0
1216,7577.18,192,6,sms,pessoa_fisica,1
1217,5329.28,85,5,email,industria,1
1218,3953.77,37,19,sms,servicos,1
1219,13094.65,65,6,sms,servicos,0
1220,6408.25,19,1,telefone,servicos,0
1221,4328.34,152,3,nenhum,servicos,0
1222,6933.89,168,2,whatsapp,industria,0
1223,7169.96,156,8,email,pessoa_fisica,0
1224,8287.91,69,12,telefone,comercio,1
1225,1274.03,1,16,email,industria,0
1226,12523.17,8,20,telefone,servicos,0
1227,48018.17,354,16,nenhum,servicos,1
1228,5516.06,140,19,email,industria,1
1229,6752.02,99,18,nenhum,pessoa_fisica,0
1230,11733.46,1,8,nenhum,pessoa_fisica,1
1231,21588.13,80,11,sms,pessoa_fisica,0
1232,100.0,115,5,sms,comercio,0
1233,11011.97,3,5,whatsapp,comercio,1
1234,1341.74,121,0,telefone,servicos,0
1235,14054.13,150,11,nenhum,industria,1
1236,100.0,87,14,nenhum,servicos,0
1237,22643.22,193,18,email,servicos,1
1238,1991.94,5,8,email,pessoa_fisica,1
1239,3411.78,54,7,nenhum,pessoa_fisica,1
1240,13436.66,8,2,sms,pessoa_fisica,1
1241,1329.08,94,9,nenhum,servicos,0
1242,3533.04,100,9,whatsapp,servicos,0
1243,100.0,13,19,sms,industria,1
1244,12204.11,1,5,telefone,comercio,0
1245,8580.16,227,15,telefone,pessoa_fisica,1
1246,4780.61,118,13,sms,comercio,0
1247,6673.04,89,19,telefone,servicos,1
1248,100.0,159,18,telefone,comercio,0
1249,8924.0,170,16,email,industria,0
1250,10877.25,27,7,nenhum,comercio,1
1251,9966.91,35,4,telefone,pessoa_fisica,1
1252,4275.21,29,7,nenhum,industria,0
1253,6714.4,62,10,sms,servicos,0
1254,6746.01,124,10,email,comercio,1
1255,5577.38,105,19,whatsapp,industria,1
1256,3092.26,133,6,telefone,servicos,0
1257,4397.47,26,12,telefone,industria,1
1258,2280.57,164,1,email,pessoa_fisica,0
1259,8030.93,41,8,sms,pessoa_fisica,1
1260,12342.73,18,18,sms,servicos,0
1261,12504.05,26,11,whatsapp,pessoa_fisica,1
1262,999.63,76,0,sms,industria,0
1263,12035.42,67,20,nenhum,comercio,1
1264,7676.48,79,11,nenhum,servicos,0
1265,9006.8,74,10,telefone,industria,1
1266,5122.65,169,2,nenhum,servicos,0
1267,17839.39,99,13,sms,comercio,1
1268,42286.82,345,13,email,servicos,0
1269,6421.26,122,6,whatsapp,industria,1
1270,100.0,110,16,nenhum,servicos,0
1271,100.0,59,3,nenhum,servicos,0
1272,9863.42,45,2,sms,servicos,0
1273,2980.32,10,3,whatsapp,servicos,0
1274,8774.85,107,10,telefone,pessoa_fisica,0
1275,9247.26,211,6,nenhum,industria,0
1276,18042.81,49,15,email,pessoa_fisica,1
1277,11981.8,96,8,telefone,servicos,0
1278,7291.4,61,1,whatsapp,servicos,0
1279,11311.77,37,6,whatsapp,industria,1
1280,12593.32,119,7,whatsapp,industria,1
1281,2249.9,1,12,whatsapp,comercio,1
1282,10362.82,138,15,nenhum,industria,1
1283,7052.79,33,7,whatsapp,industria,0
1284,2427.3,87,5,telefone,comercio,0
1285,9532.79,221,11,sms,servicos,0
1286,12246.15,150,10,sms,industria,1
1287,12500.96,177,13,telefone,comercio,0
1288,100.0,108,0,sms,servicos,0
1289,8768.33,93,16,email,industria,1
1290,3318.57,19,4,nenhum,industria,0
1291,12939.92,19,18,sms,servicos,1
1292,100.0,104,11,nenhum,industria,0
1293,10093.97,97,12,sms,comercio,1
1294,43361.05,331,5,sms,industria,1
1295,16122.22,38,3,sms,servicos,0
1296,4830.17,1,12,nenhum,industria,0
1297,7724.01,174,0,email,servicos,0
1298,12300.14,204,16,telefone,pessoa_fisica,0
1299,6195.78,177,6,whatsapp,servicos,1
1300,2379.06,83,6,whatsapp,comercio,0
1301,10794.87,50,16,sms,comercio,1
1302,17274.55,160,8,sms,industria,0
1303,13396.57,59,7,sms,industria,0
1304,11212.6,92,17,sms,comercio,0
1305,1377.18,124,19,whatsapp,pessoa_fisica,0
1306,11116.14,1,16,nenhum,comercio,1
1307,15379.44,56,19,telefone,servicos,0
1308,4272.2,1,13,telefone,servicos,0
1309,6637.44,134,12,email,servicos,1
1310,46674.57,303,7,sms,servicos,0
1311,6275.67,96,9,sms,industria,1
1312,9685.26,41,11,whatsapp,industria,1
1313,1889.51,1,3,nenhum,pessoa_fisica,0
1314,8985.66,73,20,nenhum,servicos,0
1315,5503.03,54,15,whatsapp,comercio,0
1316,3988.8,1,10,telefone,servicos,0
1317,12864.84,274,15,nenhum,industria,0
1318,1217.61,1,18,sms,pessoa_fisica,1
1319,1918.2,121,8,telefone,pessoa_fisica,0
1320,8655.29,112,6,nenhum,industria,0
1321,9039.04,178,2,telefone,pessoa_fisica,0
1322,10196.57,128,6,whatsapp,servicos,1
1323,9102.91,135,19,whatsapp,pessoa_fisica,1
1324,100.0,100,13,sms,servicos,0
1325,13754.33,58,15,whatsapp,servicos,0
1326,9436.28,136,4,sms,pessoa_fisica,0
1327,12237.32,49,11,whatsapp,industria,1
1328,100.0,158,4,sms,pessoa_fisica,0
1329,7865.39,74,10,sms,comercio,0
1330,2061.34,29,7,nenhum,servicos,0
1331,100.0,31,8,whatsapp,pessoa_fisica,1
